begriff;uebersetzung;lektion;notiz
"region";"Region, Gegend";1;S203
"history";"Geschichte";1;S203
"to begin";"beginnen, anfangen";1;S203
"settler";"Siedler, Siedlerin";1;S203
"fall (AE)";"Herbst";1;S203
"hurricane";"Hurrikan, Orkan, Wirbelsturm";1;S203
"largest";"größte, am größten";1;S203
"century";"Jahrhundert";1;S203
"slave";"Sklave, Sklavin";1;S203
"until";"bis";1;S203
"civil war";"Bürgerkrieg";1;S203
"to end";"enden, beenden";1;S203
"slavery";"Sklaverei";1;S203
"illegal";"illegal, unrechtmäßig, rechtswidrig";1;S203
"African-American";"Afroamerikaner, Afroamerikanerin, afroamerikanisch";1;S203
"theme park";"Vergnügungspark, Themenpark";1;S203
"sunny";"sonnig";1;S203
"because of";"wegen";1;S203
"retired";"pensioniert, im Ruhestand";1;S203
"to rain";"regnen";1;S203
"humid";"feucht";1;S203
"dry";"trocken";1;S203
"desert";"Wüste";1;S204
"cattle";"Vieh, Rindvieh";1;S204
"bat";"Fledermaus";1;S204
"to fly";"fliegen";1;S204
"out of";"aus ... heraus";1;S204
"cave";"Höhle";1;S204
"hour";"Stunde";1;S204
"temperature";"Temperatur";1;S204
"degree Fahrenheit";"Grad Fahrenheit";1;S204
"degree Celsius";"Grad Celsius";1;S204
"snow";"Schnee";1;S204
"than";"als (bei Vergleichen)";1;S204
"once";"einmal, einst";1;S204
"meter (AE)";"Meter";1;S204
"three and a half times";"dreieinhalbmal";1;S204
"farmland";"Ackerland";1;S204
"European";"Europäer, Europäerin, europäisch, aus Europa";1;S204
"industrial";"industriell, Industrie-";1;S204
"airport";"Flughafen";1;S205
"by the way";"übrigens";1;S205
"to take";"dauern, (Zeit) brauchen";1;S205
"camp";"Camp, Lager";1;S205
"to introduce";"vorstellen, einführen, einleiten";1;S205
"bridge";"Brücke";1;S205
"French";"französisch, Französisch";1;S205
"industry";"Industrie, Branche, Gewerbe";1;S205
"travel";"das Reisen, Reise";1;S205
"colony";"Kolonie";1;S205
"colonial";"kolonial, Kolonial-";1;S205
"past";"Vergangenheit";1;S205
"on the one hand ..., (but) on the other hand ...";"einerseits ..., (aber) andererseits ...";1;S205
"cold";"kalt";1;S205-weather
"warm";"warm";1;S205-weather
"hot";"heiß";1;S205-weather
"cloudy";"wolkig, bewölkt";1;S205-weather
"rainy";"regnerisch";1;S205-weather
"clouds";"Wolken";1;S205-weather
"sun";"Sonne";1;S205-weather
"rain";"Regen";1;S205-weather
"wind";"Wind";1;S205-weather
"storm";"Sturm";1;S205-weather
"blizzard";"Schneesturm";1;S205-weather
